<application>
  <component name="AndroidLogcatFilterHistory">
    <option name="mostRecentlyUsed" value="package:com.jme.tv.droid bitmovin" />
    <option name="nonFavorites">
      <list>
        <option value="package:com.jme.tv.droid bitmovin" />
        <option value="package:com.jme.tv.droid " />
        <option value="package:com.jme.tv.droid A1" />
        <option value="package:mine A1 | bitmovin" />
        <option value="package:mine A1" />
        <option value="A1 | bitmovin" />
        <option value="A1" />
        <option value="package:com.bloomberg.btva Sourcepoint" />
        <option value="package:com.bloomberg.btva SourcepointConsentManagementPlugin" />
        <option value="package:com.bloomberg.btva " />
        <option value="package:com.bloomberg.btva Gergo" />
        <option value="package:com.bloomberg.btva NPAW | youbora" />
        <option value="package:com.bloomberg.btva NPAW" />
        <option value="package:com.bloomberg.btva Youbora" />
        <option value="package:mine Youbora" />
        <option value="package:com.bloomberg.btva sourcepoint" />
        <option value="package:mine " />
        <option value="package:com.hallmarkmoviesnow.hmn.dev SourcepointConsentManagementPlugin" />
        <option value="package:com.hallmarkmoviesnow.hmn.dev OneGridView" />
        <option value="package:com.hallmarkmoviesnow.hmn.dev OneGridViewlove" />
      </list>
    </option>
  </component>
</application>