<application>
  <component name="com.intellij.ide.ui.customization.CustomActionsSchema">
    <group value="TouchBar" is_group="true" forse_popup="false" action_type="-1" position="22">
      <path value="root" />
      <option name="myInitialPosition" value="-1" />
    </group>
    <group value="Vcs.Operations.Popup" is_group="true" forse_popup="false" action_type="-1" position="21">
      <path value="root" />
      <option name="myInitialPosition" value="-1" />
    </group>
    <group value="Vcs.Log.ChangesBrowser.Toolbar" is_group="true" forse_popup="false" action_type="-1" position="20">
      <path value="root" />
      <option name="myInitialPosition" value="-1" />
    </group>
    <group value="ChangesViewToolbar" is_group="true" forse_popup="false" action_type="-1" position="19">
      <path value="root" />
      <option name="myInitialPosition" value="-1" />
    </group>
    <group value="RunToolbarWidgetCustomizableActionGroup" is_group="true" forse_popup="false" action_type="-1" position="18">
      <path value="root" />
      <option name="myInitialPosition" value="-1" />
    </group>
    <group value="Markdown.Toolbar.Floating" is_group="true" forse_popup="false" action_type="-1" position="17">
      <path value="root" />
      <option name="myInitialPosition" value="-1" />
    </group>
    <group value="StreamingToolbarVirtualDevice" is_group="true" forse_popup="false" action_type="-1" position="16">
      <path value="root" />
      <option name="myInitialPosition" value="-1" />
    </group>
    <group value="XDebugger.Watches.Tree.Toolbar" is_group="true" forse_popup="false" action_type="-1" position="15">
      <path value="root" />
      <option name="myInitialPosition" value="-1" />
    </group>
    <group value="XDebugger.ToolWindow.TopToolbar" is_group="true" forse_popup="false" action_type="-1" position="14">
      <path value="root" />
      <option name="myInitialPosition" value="-1" />
    </group>
    <group value="XDebugger.ToolWindow.LeftToolbar" is_group="true" forse_popup="false" action_type="-1" position="13">
      <path value="root" />
      <option name="myInitialPosition" value="-1" />
    </group>
    <group value="XDebugger.ToolWindow.TopToolbar3" is_group="true" forse_popup="false" action_type="-1" position="12">
      <path value="root" />
      <option name="myInitialPosition" value="-1" />
    </group>
    <group value="XDebugger.ToolWindow.TopToolbar3.Extra" is_group="true" forse_popup="false" action_type="-1" position="11">
      <path value="root" />
      <option name="myInitialPosition" value="-1" />
    </group>
    <group value="NavBarToolBar" is_group="true" forse_popup="false" action_type="-1" position="10">
      <path value="root" />
      <option name="myInitialPosition" value="-1" />
    </group>
    <group value="NavbarPopupMenu" is_group="true" forse_popup="false" action_type="-1" position="9">
      <path value="root" />
      <option name="myInitialPosition" value="-1" />
    </group>
    <group value="ScopeViewPopupMenu" is_group="true" forse_popup="false" action_type="-1" position="8">
      <path value="root" />
      <option name="myInitialPosition" value="-1" />
    </group>
    <group value="ProjectViewPopupMenu" is_group="true" forse_popup="false" action_type="-1" position="7">
      <path value="root" />
      <option name="myInitialPosition" value="-1" />
    </group>
    <group value="EditorTabPopupMenu" is_group="true" forse_popup="false" action_type="-1" position="6">
      <path value="root" />
      <option name="myInitialPosition" value="-1" />
    </group>
    <group value="EditorGutterPopupMenu" is_group="true" forse_popup="false" action_type="-1" position="5">
      <path value="root" />
      <option name="myInitialPosition" value="-1" />
    </group>
    <group value="EditorPopupMenu" is_group="true" forse_popup="false" action_type="-1" position="4">
      <path value="root" />
      <option name="myInitialPosition" value="-1" />
    </group>
    <group value="SearchEverywhere" is_action="true" action_type="-1" position="4">
      <path value="root" />
      <path value="Main Toolbar Right" />
      <option name="myInitialPosition" value="-1" />
    </group>
    <group value="ToggleLineBreakpoint" is_action="true" action_type="-1" position="4">
      <path value="root" />
      <path value="Touch Bar" />
      <path value="Default" />
      <path value="Default with Cmd Key" />
      <option name="myInitialPosition" value="-1" />
    </group>
    <group value="ToggleBookmark" is_action="true" action_type="-1" position="3">
      <path value="root" />
      <path value="Touch Bar" />
      <path value="Default" />
      <path value="Default with Cmd Key" />
      <option name="myInitialPosition" value="-1" />
    </group>
    <group value="MainToolbarCenter" is_group="true" forse_popup="false" action_type="-1" position="2">
      <path value="root" />
      <option name="myInitialPosition" value="-1" />
    </group>
    <group value="MainToolbarLeft" is_group="true" forse_popup="false" action_type="-1" position="1">
      <path value="root" />
      <option name="myInitialPosition" value="-1" />
    </group>
    <group value="Android.InstantRunActions" is_group="true" forse_popup="false" action_type="-1" position="1">
      <path value="root" />
      <path value="Main Toolbar Right" />
      <path value="Android Main Toolbar Right" />
      <option name="myInitialPosition" value="-1" />
    </group>
    <group value="Forward" is_action="true" action_type="-1" position="1">
      <path value="root" />
      <path value="Touch Bar" />
      <path value="Default" />
      <path value="Default with Cmd Key" />
      <option name="myInitialPosition" value="-1" />
    </group>
    <group value="MainMenu" is_group="true" forse_popup="false" action_type="-1" position="0">
      <path value="root" />
      <option name="myInitialPosition" value="-1" />
    </group>
    <group value="Android.MakeGradleModule" is_action="true" action_type="-1" position="0">
      <path value="root" />
      <path value="Main Toolbar Right" />
      <path value="Android Main Toolbar Right" />
      <option name="myInitialPosition" value="-1" />
    </group>
    <group value="CompileDirty" is_action="true" action_type="-1" position="0">
      <path value="root" />
      <path value="Touch Bar" />
      <path value="Default" />
      <option name="myInitialPosition" value="-1" />
    </group>
    <group value="Back" is_action="true" action_type="-1" position="0">
      <path value="root" />
      <path value="Touch Bar" />
      <path value="Default" />
      <path value="Default with Cmd Key" />
      <option name="myInitialPosition" value="-1" />
    </group>
    <group seperator="true" action_type="-1" position="0">
      <path value="root" />
      <path value="Touch Bar" />
      <path value="Default" />
      <path value="Default with Alt+Cmd Key" />
      <option name="myInitialPosition" value="-1" />
    </group>
    <group value="Back" is_action="true" action_type="1" position="0">
      <path value="root" />
      <path value="Touch Bar" />
      <path value="Default" />
      <option name="myInitialPosition" value="-1" />
    </group>
    <group value="Vcs.UpdateProject" is_action="true" action_type="1" position="0">
      <path value="root" />
      <path value="Touch Bar" />
      <path value="Default" />
      <path value="Default with Cmd Key" />
      <option name="myInitialPosition" value="-1" />
    </group>
    <group value="Forward" is_action="true" action_type="1" position="1">
      <path value="root" />
      <path value="Touch Bar" />
      <path value="Default" />
      <option name="myInitialPosition" value="-1" />
    </group>
    <group value="CheckinProject" is_action="true" action_type="1" position="1">
      <path value="root" />
      <path value="Touch Bar" />
      <path value="Default" />
      <path value="Default with Cmd Key" />
      <option name="myInitialPosition" value="-1" />
    </group>
    <group seperator="true" action_type="1" position="2">
      <path value="root" />
      <path value="Touch Bar" />
      <path value="Default" />
      <option name="myInitialPosition" value="-1" />
    </group>
    <group value="Vcs.Push" is_action="true" action_type="1" position="2">
      <path value="root" />
      <path value="Touch Bar" />
      <path value="Default" />
      <path value="Default with Cmd Key" />
      <option name="myInitialPosition" value="-1" />
    </group>
    <group seperator="true" action_type="1" position="3">
      <path value="root" />
      <path value="Touch Bar" />
      <path value="Default" />
      <option name="myInitialPosition" value="-1" />
    </group>
    <group value="Compare.SameVersion" is_action="true" action_type="1" position="3">
      <path value="root" />
      <path value="Touch Bar" />
      <path value="Default" />
      <path value="Default with Cmd Key" />
      <option name="myInitialPosition" value="-1" />
    </group>
    <group value="Back" is_action="true" action_type="1" position="4">
      <path value="root" />
      <path value="Main Toolbar Right" />
      <option name="myInitialPosition" value="-1" />
    </group>
    <group value="Run" is_action="true" action_type="1" position="4">
      <path value="root" />
      <path value="Touch Bar" />
      <path value="Default" />
      <option name="myInitialPosition" value="-1" />
    </group>
    <group value="ChangesView.Revert" is_action="true" action_type="1" position="4">
      <path value="root" />
      <path value="Touch Bar" />
      <path value="Default" />
      <path value="Default with Cmd Key" />
      <option name="myInitialPosition" value="-1" />
    </group>
    <group value="Forward" is_action="true" action_type="1" position="5">
      <path value="root" />
      <path value="Main Toolbar Right" />
      <option name="myInitialPosition" value="-1" />
    </group>
    <group value="Debug" is_action="true" action_type="1" position="5">
      <path value="root" />
      <path value="Touch Bar" />
      <path value="Default" />
      <option name="myInitialPosition" value="-1" />
    </group>
    <group value="Git.Branches" is_action="true" action_type="1" position="5">
      <path value="root" />
      <path value="Touch Bar" />
      <path value="Default" />
      <path value="Default with Cmd Key" />
      <option name="myInitialPosition" value="-1" />
    </group>
    <group value="AndroidConnectDebuggerAction" is_action="true" action_type="1" position="6">
      <path value="root" />
      <path value="Touch Bar" />
      <path value="Default" />
      <option name="myInitialPosition" value="-1" />
    </group>
    <group seperator="true" action_type="1" position="8">
      <path value="root" />
      <path value="Touch Bar" />
      <path value="Default" />
      <option name="myInitialPosition" value="-1" />
    </group>
    <group value="ToggleLineBreakpoint" is_action="true" action_type="1" position="10">
      <path value="root" />
      <path value="Touch Bar" />
      <path value="Default" />
      <option name="myInitialPosition" value="-1" />
    </group>
    <group value="ToggleBookmark" is_action="true" action_type="1" position="11">
      <path value="root" />
      <path value="Touch Bar" />
      <path value="Default" />
      <option name="myInitialPosition" value="-1" />
    </group>
    <group seperator="true" action_type="1" position="13">
      <path value="root" />
      <path value="Touch Bar" />
      <path value="Default" />
      <option name="myInitialPosition" value="-1" />
    </group>
  </component>
</application>