<application>
  <component name="com.kagof.intellij.plugins.pokeprogress.configuration.PokemonProgressState">
    <option name="version" value="2.1.1" />
    <option name="initialVelocity" value="0.06" />
    <option name="acceleration" value="0.06" />
    <option name="pokemonNumbersEnabled">
      <map>
        <entry key="001" value="false" />
        <entry key="003" value="false" />
        <entry key="004" value="true" />
        <entry key="006" value="true" />
        <entry key="007" value="true" />
        <entry key="009" value="true" />
        <entry key="012" value="false" />
        <entry key="025" value="false" />
        <entry key="031" value="false" />
        <entry key="034" value="false" />
        <entry key="039" value="false" />
        <entry key="050" value="false" />
        <entry key="051" value="false" />
        <entry key="052" value="false" />
        <entry key="054" value="true" />
        <entry key="055" value="true" />
        <entry key="065" value="false" />
        <entry key="068" value="false" />
        <entry key="079" value="false" />
        <entry key="081" value="false" />
        <entry key="094" value="true" />
        <entry key="109" value="false" />
        <entry key="123" value="false" />
        <entry key="130" value="false" />
        <entry key="133" value="false" />
        <entry key="134" value="false" />
        <entry key="135" value="false" />
        <entry key="136" value="false" />
        <entry key="143" value="false" />
        <entry key="144" value="false" />
        <entry key="144_GALARIAN" value="false" />
        <entry key="145" value="false" />
        <entry key="145_GALARIAN" value="false" />
        <entry key="146" value="false" />
        <entry key="146_GALARIAN" value="false" />
        <entry key="149" value="false" />
        <entry key="150" value="false" />
        <entry key="151" value="false" />
        <entry key="152" value="false" />
        <entry key="154" value="false" />
        <entry key="155" value="false" />
        <entry key="157" value="false" />
        <entry key="158" value="false" />
        <entry key="160" value="false" />
        <entry key="175" value="false" />
        <entry key="196" value="false" />
        <entry key="197" value="false" />
        <entry key="202" value="false" />
        <entry key="243" value="false" />
        <entry key="244" value="false" />
        <entry key="245" value="false" />
        <entry key="249" value="false" />
        <entry key="250" value="false" />
        <entry key="251" value="false" />
        <entry key="252" value="false" />
        <entry key="254" value="false" />
        <entry key="255" value="false" />
        <entry key="257" value="false" />
        <entry key="258" value="false" />
        <entry key="260" value="false" />
        <entry key="320" value="false" />
        <entry key="321" value="false" />
        <entry key="380" value="false" />
        <entry key="381" value="false" />
        <entry key="382" value="false" />
        <entry key="383" value="false" />
        <entry key="384" value="false" />
        <entry key="385" value="false" />
        <entry key="386" value="false" />
        <entry key="387" value="false" />
        <entry key="389" value="false" />
        <entry key="390" value="false" />
        <entry key="392" value="false" />
        <entry key="393" value="false" />
        <entry key="395" value="false" />
        <entry key="470" value="false" />
        <entry key="471" value="false" />
        <entry key="493" value="false" />
        <entry key="495" value="false" />
        <entry key="497" value="false" />
        <entry key="498" value="false" />
        <entry key="500" value="false" />
        <entry key="501" value="false" />
        <entry key="503" value="false" />
        <entry key="650" value="false" />
        <entry key="652" value="false" />
        <entry key="653" value="false" />
        <entry key="655" value="false" />
        <entry key="656" value="false" />
        <entry key="658" value="false" />
        <entry key="700" value="false" />
        <entry key="722" value="false" />
        <entry key="724" value="false" />
        <entry key="725" value="false" />
        <entry key="727" value="false" />
        <entry key="728" value="false" />
        <entry key="730" value="false" />
        <entry key="778" value="false" />
        <entry key="810" value="false" />
        <entry key="812" value="false" />
        <entry key="813" value="false" />
        <entry key="815" value="false" />
        <entry key="816" value="false" />
        <entry key="818" value="false" />
        <entry key="831" value="false" />
        <entry key="888" value="false" />
        <entry key="889" value="false" />
        <entry key="906" value="false" />
        <entry key="909" value="false" />
        <entry key="912" value="false" />
      </map>
    </option>
    <option name="theme" value="flat" />
    <option name="colorScheme" value="1_Official" />
  </component>
</application>