<application>
  <component name="Vcs.Log.App.Settings">
    <option name="SHOW_DIFF_PREVIEW" value="true" />
    <option name="COLUMN_ID_ORDER">
      <list>
        <option value="Default.Root" />
        <option value="Default.Subject" />
        <option value="Default.Author" />
        <option value="Default.Date" />
      </list>
    </option>
  </component>
  <component name="VcsApplicationSettings">
    <option name="PATCH_STORAGE_LOCATION" value="$USER_HOME$/_accedo/projects/dtag-player-android" />
  </component>
</application>